14996,Larine,Hachmin,396,Donnelly Inc
18015,Wynne,Schwejda,992,Weber Group
12316,Celene,Francyne,374,Walter Inc
13067,Winny,Boehike,940,Beier, Rice and Kling
15358,Netty,Harned,642,Daugherty and Sons
12084,Marylou,Alisia,845,Labadie, Kassulke and Corwin
14310,Ethel,Brunell,94,Lynch - Shields
12588,Drucie,Hanleigh,145,Ward - Brown
19681,Lenna,Odell,247,Donnelly Inc
12241,Georgina,Zachary,332,Wintheiser - Kuhlman
17197,Beverley,Munn,634,Ward - Brown
13884,Janenna,Viddah,161,Friesen - Rolfson
13892,Nannie,Newell,383,Cassin, Howe and Lang
13259,Ingrid,Oster,647,Beier, Rice and Kling
18304,Vonny,Durware,366,Corwin Inc
12222,Cam,Ambrosia,177,Lynch - Shields
10922,Alie,Paine,342,Cassin - Wehner
18088,Eugine,Gilbertson,673,Larkin and Sons
16511,Annabela,Gamaliel,558,Friesen - Rolfson
15083,Merle,Brittani,107,Bernhard and Sons
17774,Rayna,Grayce,131,Ward - Brown
13404,Donnie,Pulsifer,315,Boyle, Hand and Hand
15697,Karina,Aida,191,Bernhard and Sons
12098,Madeleine,Chapland,59,Labadie, Kassulke and Corwin
15503,Madelle,My,957,Heaney, Heaney and Morissette
14846,Vonny,Calhoun,323,Cassin - Wehner
13398,Corene,Rustice,941,Lynch - Shields
17113,Nollie,Ajay,945,Heaney, Heaney and Morissette
16555,Ottilie,Teddman,416,Wintheiser - Kuhlman
14996,Jan,Berne,602,Donnelly Inc
14474,Felice,Iaverne,791,Corwin Inc
12972,Gisela,Atonsah,553,Murphy, Stark and Sauer
16415,Perry,Fontana,419,Cassin, Howe and Lang
17077,Cyndie,Hilbert,111,Walter Inc
12739,Dale,Keelia,980,Heaney, Heaney and Morissette
15552,Brooks,Cressida,333,Larkin and Sons
16925,Eve,Linskey,779,Cassin - Wehner
18508,Nickie,Ciapas,520,Cassin, Howe and Lang
19836,Kristina,Sibyls,836,Wintheiser - Kuhlman
12339,Ivett,Terencio,467,Corwin Inc
15006,Leontine,Audly,166,Friesen - Rolfson
14127,Brietta,Peonir,982,Kuhlman - Dickens
17584,Mallory,Kathie,434,Heaney, Heaney and Morissette
16866,Dede,Hollingsworth,991,Lynch - Shields
13026,Gui,Orelee,415,Daugherty and Sons
18992,Janey,Ochs,174,Larkin and Sons
13785,Marline,Neils,910,Boyle, Hand and Hand
15381,Sidoney,Lalitta,959,Kuhlman - Dickens
10279,Teddie,Autrey,161,Beier, Rice and Kling
15887,Elyssa,Artie,558,Beier, Rice and Kling
12991,Dode,O'Rourke,538,Friesen - Rolfson
18541,Mara,Quent,102,Corwin Inc
17215,Jsandye,Loring,963,Larkin and Sons
14160,Cecile,Peonir,616,Donnelly Inc
10936,Ninnetta,Bryna,41,Wintheiser - Kuhlman
12187,Tori,Lindemann,819,Murphy, Stark and Sauer
12725,Lenna,Viddah,410,Weber Group
13190,Gabi,O'Carroll,855,Heaney, Heaney and Morissette
16806,Therine,Means,59,Cassin - Wehner
13244,Amalie,Haldas,47,Daugherty and Sons
16381,Lesly,Albertine,566,Labadie, Kassulke and Corwin
19947,Jaclyn,Gamaliel,814,Bernhard and Sons
14557,Brandise,Nahum,505,Labadie, Kassulke and Corwin
10982,Fayre,Jacobah,209,Beier, Rice and Kling
15326,Emylee,Percy,273,Donnelly Inc
16115,Lanae,Orelee,554,Friesen - Rolfson
12255,Roxane,Isidore,978,Ward - Brown
14722,Eadie,Nance,641,Larkin and Sons
13911,Ann-Marie,Infield,25,Wintheiser - Kuhlman
18608,Lanna,Weinreb,120,Wintheiser - Kuhlman
10092,Stephanie,McCutcheon,460,Lynch - Shields
13804,Isa,Felecia,727,Murphy, Stark and Sauer
11675,Tiffie,Arvo,969,Kuhlman - Dickens
12078,Misha,Suzetta,691,Boyle, Hand and Hand
11504,Flory,Philoo,146,Daugherty and Sons
18726,Dorthy,Halsey,529,Friesen - Rolfson
17929,Blake,Colp,6,Cassin - Wehner
11879,Betta,Decato,164,Labadie, Kassulke and Corwin
12449,Beverley,Rooney,679,Cassin, Howe and Lang
14700,Robbi,Kristi,951,Donnelly Inc
15416,Chere,Colyer,604,Weber Group
13975,Adriana,Ciapas,771,Friesen - Rolfson
17042,Bobbi,Oneida,712,Boyle, Hand and Hand
12647,Janenna,Publia,172,Donnelly Inc
18019,Arlena,Llovera,652,Daugherty and Sons
10899,Allis,Merriott,379,Ward - Brown
15707,Kore,Gordon,255,Corwin Inc
10869,Rori,Stuart,252,Kuhlman - Dickens
17851,Cherrita,Presber,430,Cassin - Wehner
10914,Kittie,Laverne,184,Murphy, Stark and Sauer
18044,Modestia,Nunci,341,Beier, Rice and Kling
12148,Goldie,Colyer,881,Wintheiser - Kuhlman
14835,Antonietta,Hilbert,690,Wyman Inc
15965,Kamilah,Ursulette,905,Labadie, Kassulke and Corwin
13180,Deane,Jacinda,711,Corwin Inc
15019,Tracey,Dannye,513,Beier, Rice and Kling
10665,Ida,Hortensia,57,Ward - Brown
14251,Celestyna,Maryanne,17,Walter Inc
15782,Laure,Aloise,528,Bernhard and Sons
14484,Jackie,Earlie,391,Walter Inc
11423,Edee,Eiser,557,Donnelly Inc
19198,Rosanne,Ade,510,Beier, Rice and Kling
12412,Elbertina,Albertine,38,Donnelly Inc
18165,Cyb,Aaberg,277,Boyle, Hand and Hand
15876,Ermengarde,Gordon,147,Bernhard and Sons
16462,Cathie,Melan,497,Wyman Inc
16652,Aubrie,Rese,974,Friesen - Rolfson
17513,Rozele,Cecile,323,Wyman Inc
19576,Carlie,Halsey,81,Wintheiser - Kuhlman
14845,Janis,Naor,616,Corwin Inc
12080,Gusella,Lamoree,999,Bernhard and Sons
12508,Trixi,Cherianne,928,Lynch - Shields
14189,Shannah,Goerke,423,Daugherty and Sons
10225,Kirstin,Rubie,57,Lynch - Shields
16350,Sean,Ailyn,125,Cassin - Wehner
17163,Gerianna,Rillings,503,Daugherty and Sons
10520,Darlleen,Middleton,405,Donnelly Inc
17555,Marline,Ogren,281,Daugherty and Sons
16803,Sybille,Gemini,818,Weber Group
14272,Vinita,An,163,Cassin, Howe and Lang
14391,Ashlee,Quent,290,Kuhlman - Dickens
11305,Kittie,Guthrie,47,Labadie, Kassulke and Corwin
11254,Ronna,Oscar,67,Lynch - Shields
11346,Nickie,Fabiola,914,Labadie, Kassulke and Corwin
17045,Monika,Hieronymus,406,Ward - Brown
16327,Queenie,Knowling,782,Weber Group
15776,Patricia,Baylor,931,Cassin, Howe and Lang
11197,Libbie,Dichy,530,Larkin and Sons
18840,Eadie,Jaylene,991,Wintheiser - Kuhlman
18810,Jenda,Goode,730,Lynch - Shields
19949,Gerianna,Janene,175,Walter Inc
10239,Talya,Obed,971,Lynch - Shields
16998,Paule,Sheedy,424,Heaney, Heaney and Morissette
11805,Debee,Dunkin,527,Weber Group
18101,Vita,Vanni,731,Labadie, Kassulke and Corwin
13232,Philis,Gabrielli,152,Wintheiser - Kuhlman
12330,Jordan,Adore,650,Boyle, Hand and Hand
16747,Goldie,Strephon,712,Friesen - Rolfson
11621,Imojean,Engdahl,705,Lynch - Shields
18462,Sissy,Agle,965,Donnelly Inc
15731,Misha,Kenwood,200,Beier, Rice and Kling
11847,Frieda,Louanna,811,Kuhlman - Dickens
13290,Julieta,Rhu,904,Walter Inc
16939,Annora,Tjon,609,Ward - Brown
11734,Andree,Candy,549,Donnelly Inc
17004,Ekaterina,Toni,238,Kuhlman - Dickens
14513,Camile,Ashok,1000,Boyle, Hand and Hand
14004,Melodie,Linskey,351,Donnelly Inc
16349,Therine,Fax,981,Walter Inc
13840,Tabbatha,Cadmar,77,Lynch - Shields
15073,Brena,Truc,481,Boyle, Hand and Hand
12406,Gianina,Merat,111,Walter Inc
18596,Penelopa,Lorain,687,Cassin - Wehner
14067,Rani,Jacinda,385,Friesen - Rolfson
12756,Cherrita,Amasa,581,Walter Inc
10190,Selma,Ralfston,525,Labadie, Kassulke and Corwin
12173,Johna,Sallyann,928,Wyman Inc
17234,Lanae,Gaal,331,Bernhard and Sons
15702,Evaleen,Lutero,505,Boyle, Hand and Hand
16306,Kate,Dorcy,570,Wintheiser - Kuhlman
10515,Pamella,Heisel,948,Boyle, Hand and Hand
14359,Florie,Carvey,549,Ward - Brown
15009,Sissy,Garek,493,Kuhlman - Dickens
17926,Fina,Regan,377,Lynch - Shields
14839,Charissa,Franza,73,Kuhlman - Dickens
10917,Judy,Toffic,62,Corwin Inc
12835,Jere,Leffen,147,Beier, Rice and Kling
14099,Jsandye,Kronfeld,661,Larkin and Sons
12178,Lolita,Weinreb,785,Bernhard and Sons
16926,Ida,Linehan,388,Beier, Rice and Kling
12832,Liana,Kylander,73,Larkin and Sons
10488,Hettie,Pillsbury,561,Murphy, Stark and Sauer
16112,Kayla,Nedrud,147,Lynch - Shields
15294,Louella,Olnee,401,Wyman Inc
10125,Roz,Pandolfi,466,Wyman Inc
15106,Corina,Vanni,998,Ward - Brown
15173,Chandra,Infield,194,Walter Inc
10759,Kenna,Travax,560,Larkin and Sons
11515,Charlena,Tippets,385,Boyle, Hand and Hand
13366,Fawne,Munn,236,Wyman Inc
16536,Sharlene,Koehler,222,Corwin Inc
19946,Marsiella,Noam,74,Wyman Inc
18478,Frank,Peonir,488,Ward - Brown
12244,Kellen,Sikorski,888,Corwin Inc
10365,Mellicent,Carlson,195,Ward - Brown
16593,Selia,Bibi,304,Daugherty and Sons
17735,Lusa,Hewitt,976,Friesen - Rolfson
13869,Vevay,Fillbert,41,Ward - Brown
13941,Dolli,Lilybelle,131,Labadie, Kassulke and Corwin
15520,Mireielle,Millda,27,Labadie, Kassulke and Corwin
13907,Kenna,Ilka,550,Murphy, Stark and Sauer
12466,Betta,Wenda,128,Cassin, Howe and Lang
15557,Kaia,Alarise,806,Boyle, Hand and Hand
11214,Alia,Durante,732,Lynch - Shields
19715,Tybie,Denis,609,Murphy, Stark and Sauer
14277,Blondelle,Vorster,681,Wintheiser - Kuhlman
15260,Wilma,Verger,223,Wintheiser - Kuhlman
17671,Tamqrah,Dahlia,822,Labadie, Kassulke and Corwin
10207,Gertrud,Jacinda,363,Daugherty and Sons
10689,Marcy,Letsou,693,Walter Inc
13599,Lorie,Shama,282,Corwin Inc
16075,Robinia,Ashok,517,Lynch - Shields
18749,Rosene,Felecia,530,Beier, Rice and Kling
10625,Aaren,Alice,368,Donnelly Inc
15817,Dode,Bluh,738,Boyle, Hand and Hand
11602,Dode,Hessler,414,Kuhlman - Dickens
14500,Chandra,Couture,385,Larkin and Sons
13928,Edith,Susannah,858,Wintheiser - Kuhlman
19334,Kerrin,Moina,351,Heaney, Heaney and Morissette
11370,Lanna,Jacobah,2,Kuhlman - Dickens
12432,Kara-Lynn,Shirberg,41,Friesen - Rolfson
11967,Tierney,Loleta,858,Larkin and Sons
13629,Charlena,Nore,85,Bernhard and Sons
14115,Jerry,Lumbard,417,Kuhlman - Dickens
17037,Rozele,Ellerey,221,Heaney, Heaney and Morissette
14209,Stevana,Olympium,964,Wintheiser - Kuhlman
15809,Jasmina,Bronk,7,Cassin, Howe and Lang
15927,Zsa Zsa,Bryna,403,Donnelly Inc
15119,Jemie,O'Neill,152,Larkin and Sons
16094,Ivett,Bevin,678,Beier, Rice and Kling
17729,Luci,Lasley,79,Wintheiser - Kuhlman
11422,Ebonee,Belanger,405,Cassin - Wehner
19583,Pamella,Korey,445,Wyman Inc
10654,Agathe,Kevon,528,Cassin, Howe and Lang
12879,Janis,Linehan,866,Murphy, Stark and Sauer
15796,Liana,Friede,592,Kuhlman - Dickens
16401,Stephanie,Sheedy,233,Weber Group
17745,Linet,Saunderson,557,Cassin - Wehner
19292,Max,Heidt,575,Labadie, Kassulke and Corwin
13115,Alexine,Charity,364,Wintheiser - Kuhlman
11284,Moyna,Land,353,Daugherty and Sons
18631,Violet,Hashim,577,Beier, Rice and Kling
17759,Aaren,Delila,26,Corwin Inc
16230,Tamqrah,Penelopa,705,Beier, Rice and Kling
11220,Kylynn,Izaak,266,Ward - Brown
10731,Estell,Leifeste,963,Cassin - Wehner
11991,Dulcinea,Thornburg,766,Cassin, Howe and Lang
11154,Marnia,Fry,299,Labadie, Kassulke and Corwin
15412,Ana,Trey,43,Walter Inc
16225,Christal,Roche,13,Beier, Rice and Kling
19576,Anica,Hoenack,193,Donnelly Inc
11996,Ingrid,Phi,407,Donnelly Inc
16382,Renae,Chem,33,Donnelly Inc
10606,Willetta,Thar,62,Labadie, Kassulke and Corwin
18952,Dorothy,Marcellus,509,Larkin and Sons
11469,Eolanda,Dermott,707,Weber Group
19515,Gilligan,Vilma,117,Cassin - Wehner
17623,Mildrid,Persse,331,Walter Inc
10998,Emylee,Harl,309,Walter Inc
10849,Andeee,Zitvaa,179,Walter Inc
10909,Tami,Lia,199,Boyle, Hand and Hand
10843,Frieda,Center,44,Kuhlman - Dickens
16282,Jean,Fink,149,Kuhlman - Dickens
14188,Kara-Lynn,Ellerey,908,Kuhlman - Dickens
17899,Bernie,Ruvolo,115,Beier, Rice and Kling
19700,Molli,Waldron,724,Labadie, Kassulke and Corwin
14201,Viki,Kat,12,Larkin and Sons
19946,Louella,Phi,945,Ward - Brown
18988,Cyb,Gavrila,747,Larkin and Sons
11042,Dulcinea,Berne,867,Donnelly Inc
16968,Meg,Thar,398,Ward - Brown
18566,Gavrielle,Ciapas,246,Ward - Brown
12748,Lyssa,Hoban,946,Murphy, Stark and Sauer
17683,Helena,Delacourt,737,Bernhard and Sons
12356,Marline,Bashemeth,75,Boyle, Hand and Hand
14731,Jordan,Ellord,823,Weber Group
13918,Brooks,Sabella,168,Lynch - Shields
15808,Felice,Forrer,186,Labadie, Kassulke and Corwin
11283,Rosabelle,Center,200,Weber Group
18122,Kayla,Simmonds,136,Cassin - Wehner
16686,Carmencita,Persse,343,Weber Group
16258,Leia,Ophelia,970,Lynch - Shields
17025,Teddie,Medrek,469,Lynch - Shields
16493,Chastity,Atonsah,425,Walter Inc
13877,Aigneis,Zeeba,354,Wyman Inc
12682,Miquela,Luhe,724,Weber Group
15410,Pearline,Eldrid,64,Larkin and Sons
10423,Fanny,Alrich,659,Daugherty and Sons
13713,Aurelie,Remmer,463,Daugherty and Sons
14462,Lolita,Harned,488,Corwin Inc
14220,Collen,Lamoree,217,Bernhard and Sons
10829,Cyb,Astra,159,Corwin Inc
19988,Hollie,Rad,561,Labadie, Kassulke and Corwin
19875,Catrina,Dunkin,807,Cassin, Howe and Lang
18323,Dotty,Zitvaa,420,Kuhlman - Dickens
15465,Emylee,Alejoa,597,Cassin - Wehner
11490,Sharlene,Carri,36,Bernhard and Sons
18007,Tori,Chabot,884,Weber Group
10730,Vita,Raama,230,Heaney, Heaney and Morissette
19519,Cassandra,Arvo,901,Ward - Brown
15350,Nicoli,Dreda,705,Beier, Rice and Kling
14023,Melanie,Chabot,876,Beier, Rice and Kling
17835,Margette,Burch,711,Larkin and Sons
11729,Dania,Weinreb,694,Beier, Rice and Kling
14758,Pierette,Wareing,746,Boyle, Hand and Hand
15139,Flo,Saree,759,Labadie, Kassulke and Corwin
19639,Roslyn,Sharl,57,Kuhlman - Dickens
19101,Lonnie,Egbert,347,Walter Inc
16748,Cassondra,Hylan,378,Wintheiser - Kuhlman
19694,Tani,McLaughlin,643,Bernhard and Sons
11449,Roz,Meli,388,Donnelly Inc
13041,Christian,Prouty,819,Cassin - Wehner
13587,Alia,Roche,513,Labadie, Kassulke and Corwin
11144,Peri,Wenda,166,Friesen - Rolfson
11995,Tobe,Herrera,340,Cassin - Wehner
11010,Brana,Goth,364,Beier, Rice and Kling
12428,Ilse,Dearborn,40,Friesen - Rolfson
11856,Genovera,Corilla,276,Walter Inc
14015,Andree,Frodi,571,Kuhlman - Dickens
15775,Kerrin,Morgun,879,Friesen - Rolfson
19433,Wilma,Garrison,182,Wyman Inc
12786,Candi,Elvyn,483,Beier, Rice and Kling
17801,Katharina,Vastah,902,Kuhlman - Dickens
14983,Chickie,Etom,814,Donnelly Inc
18469,Deloria,Stelle,852,Bernhard and Sons
12669,Nannie,Boycey,785,Labadie, Kassulke and Corwin
10606,Therine,Cornelia,499,Donnelly Inc
18089,Sissy,Lytton,312,Corwin Inc
17759,Robbi,Demitria,605,Kuhlman - Dickens
11022,Rosaline,Berard,835,Ward - Brown
13055,Lynea,Dimitris,107,Lynch - Shields
18586,Beverley,Zola,687,Boyle, Hand and Hand
15906,Marleah,Socha,122,Corwin Inc
19268,Mady,Seagraves,950,Walter Inc
19713,Teriann,Clara,567,Corwin Inc
19355,Sashenka,Alice,203,Bernhard and Sons
17717,Silvana,Fulmer,861,Ward - Brown
10199,Dorene,Creamer,764,Wyman Inc
17517,Cordi,Simmonds,736,Bernhard and Sons
11957,Barbara,Zetta,982,Kuhlman - Dickens
14276,Concettina,Tremayne,566,Bernhard and Sons
15151,Brana,Klotz,222,Wyman Inc
12219,Sue,Rugen,848,Heaney, Heaney and Morissette
18788,Sabina,Rheingold,535,Kuhlman - Dickens
13245,Cyb,Ephrem,817,Heaney, Heaney and Morissette
17807,Gusella,Freddi,63,Cassin - Wehner
14438,Briney,Tufts,96,Lynch - Shields
13902,Phylis,Kat,293,Friesen - Rolfson
10755,Jany,Vivle,464,Walter Inc
17026,Kirbee,Mendez,299,Kuhlman - Dickens
11168,Phedra,Dimitris,51,Donnelly Inc
15713,Tonia,Gert,988,Heaney, Heaney and Morissette
16984,Flory,Havens,57,Ward - Brown
18609,Nanete,Tayib,368,Labadie, Kassulke and Corwin
19543,Britni,Zenas,839,Daugherty and Sons
10855,Marsiella,Giule,847,Murphy, Stark and Sauer
18219,Carly,Atcliffe,786,Cassin - Wehner
16811,Ekaterina,Thad,195,Daugherty and Sons
19913,Lonnie,Ruvolo,133,Heaney, Heaney and Morissette
15692,Blake,Daveta,526,Beier, Rice and Kling
15836,Mary,Bari,788,Larkin and Sons
15168,Annaliese,Mitzi,933,Friesen - Rolfson
11534,Delilah,Cadmar,961,Daugherty and Sons
14059,Amalie,Alisia,832,Cassin, Howe and Lang
14769,Zondra,Ader,701,Weber Group
11772,Harrietta,Allina,917,Kuhlman - Dickens
10997,Corry,Haldas,13,Cassin - Wehner
16479,Micheline,Paine,262,Friesen - Rolfson
16819,Mady,Moina,163,Donnelly Inc
17779,Florencia,Meter,699,Cassin - Wehner
16702,Belinda,Buttaro,747,Wintheiser - Kuhlman
18145,Lelah,Urias,35,Labadie, Kassulke and Corwin
16388,Gabi,Flita,68,Corwin Inc
19535,Helsa,Hieronymus,17,Labadie, Kassulke and Corwin
11710,Mary,Rebecka,363,Kuhlman - Dickens
19206,Nanete,Valerio,757,Boyle, Hand and Hand
17735,Melanie,Craggie,412,Murphy, Stark and Sauer
16261,Ileana,Sancho,853,Corwin Inc
17917,Peri,Kunin,226,Donnelly Inc
18255,Carol-Jean,Berne,945,Wintheiser - Kuhlman
14500,Hildegaard,Mott,830,Lynch - Shields
14542,Aurore,Toffic,300,Boyle, Hand and Hand
15470,Joeann,Junie,678,Larkin and Sons
14961,Annice,Lymann,844,Bernhard and Sons
19051,Gilligan,Wilkinson,338,Donnelly Inc
14945,Amii,Sharl,582,Beier, Rice and Kling
12199,Agathe,Loring,529,Wyman Inc
17089,Tomasina,Weide,688,Bernhard and Sons
11712,Kittie,Armanda,417,Corwin Inc
16977,Barbi,Daveta,927,Daugherty and Sons
10262,Dede,Hillel,51,Boyle, Hand and Hand
12724,Ira,Sprage,279,Daugherty and Sons
19336,Millie,Ingra,922,Kuhlman - Dickens
14220,Dotty,Freddi,854,Wyman Inc
14441,Lilith,Lamoree,84,Larkin and Sons
11645,Mureil,Standing,100,Cassin, Howe and Lang
18509,Giustina,Stoller,196,Larkin and Sons
14129,Lynde,Korey,381,Labadie, Kassulke and Corwin
16579,Fanny,Regan,90,Donnelly Inc
19422,Dode,Lail,579,Walter Inc
18297,Therine,Graig,931,Beier, Rice and Kling
14133,Roslyn,Ardra,572,Donnelly Inc
17964,Leona,Elvyn,326,Beier, Rice and Kling
16248,Carmencita,Crudden,931,Bernhard and Sons
14378,Silvana,Velick,988,Daugherty and Sons
12375,Cam,Roscoe,901,Walter Inc
12162,Laurene,Prober,219,Daugherty and Sons
16428,Lita,Dreda,446,Murphy, Stark and Sauer
19915,Zondra,Merriott,433,Boyle, Hand and Hand
19284,Helena,Autrey,260,Ward - Brown
17377,Dyann,Woodberry,139,Kuhlman - Dickens
10575,Cecile,Loeb,681,Cassin - Wehner
12078,Randa,Manolo,973,Ward - Brown
12192,Farrah,Aloise,564,Walter Inc
14241,Nerta,Zuzana,979,Walter Inc
10439,Ninnetta,Hull,61,Wintheiser - Kuhlman
19496,Aubrie,Aaberg,992,Cassin - Wehner
19119,Annabela,Carvey,6,Donnelly Inc
11585,Nessie,Iiette,7,Wintheiser - Kuhlman
10508,Suzette,Goth,678,Friesen - Rolfson
12612,Libbie,Lenny,810,Wintheiser - Kuhlman
19064,Lynnea,Junie,883,Ward - Brown
14302,Mellicent,Nance,697,Walter Inc
17656,Karlee,Halla,688,Bernhard and Sons
17990,Sean,Phi,76,Wintheiser - Kuhlman
10637,Dawn,Camden,698,Boyle, Hand and Hand
15168,Brianna,Kiyoshi,806,Larkin and Sons
17858,Helena,Drisko,661,Boyle, Hand and Hand
16465,Kristina,Phyllis,309,Wintheiser - Kuhlman
18828,Jaclyn,Audly,240,Boyle, Hand and Hand
19747,Rebeca,Lattie,838,Bernhard and Sons
17815,Betta,Uund,686,Daugherty and Sons
13049,Kore,Gusella,992,Donnelly Inc
15159,Binny,Ortrude,386,Donnelly Inc
19628,Steffane,Curren,64,Lynch - Shields
10265,Carol-Jean,Ventre,26,Friesen - Rolfson
14480,Cassandra,Douglass,742,Beier, Rice and Kling
10603,Elsie,Helfand,793,Heaney, Heaney and Morissette
18964,Nita,Bohlin,164,Kuhlman - Dickens
16460,Nannie,Pacorro,939,Weber Group
15812,Nananne,Geffner,972,Beier, Rice and Kling
13764,Maye,Hollingsworth,532,Larkin and Sons
18743,Deane,Stelle,103,Cassin, Howe and Lang
15966,Henriette,Zeeba,587,Cassin - Wehner
19580,Danika,Randene,308,Donnelly Inc
19119,Melisent,Dorcy,324,Beier, Rice and Kling
18295,Wileen,Jorgan,296,Daugherty and Sons
17118,Merrie,Magnolia,900,Wyman Inc
15250,Dale,Beniamino,382,Kuhlman - Dickens
14637,Minne,Lutero,122,Lynch - Shields
14563,Catharine,Abbot,239,Bernhard and Sons
19430,Joleen,Garrison,924,Beier, Rice and Kling
14583,Gabi,Autrey,271,Donnelly Inc
12403,Carolina,Yorick,577,Weber Group
10627,Claresta,Havens,129,Kuhlman - Dickens
19713,Sara-Ann,Bertold,586,Wintheiser - Kuhlman
18713,Aeriela,Edvard,988,Larkin and Sons
16559,Beth,Schalles,71,Murphy, Stark and Sauer
15855,Zaria,Kussell,525,Daugherty and Sons
17578,Ellette,Ackerley,496,Cassin, Howe and Lang
15749,Ileana,Korey,809,Murphy, Stark and Sauer
10546,Margalo,Bearnard,56,Cassin, Howe and Lang
14190,Jere,Rozanna,848,Wyman Inc
13818,Eve,Christal,718,Cassin, Howe and Lang
15242,Morganica,Fitzsimmons,242,Murphy, Stark and Sauer
17193,Carilyn,Schonfeld,42,Larkin and Sons
19387,Lacie,Duwalt,278,Ward - Brown
15660,Sam,Kosey,594,Kuhlman - Dickens
10167,Karly,Yoko,776,Walter Inc
18855,Ulrike,Brittani,227,Bernhard and Sons
13237,Tressa,Lareena,277,Wintheiser - Kuhlman
12131,Layla,Schalles,821,Corwin Inc
17443,Deedee,Durware,692,Murphy, Stark and Sauer
19126,Kore,Nance,182,Ward - Brown
12473,Audrie,Weide,845,Cassin - Wehner
14020,Ingrid,Anton,873,Daugherty and Sons
18585,Cyndie,Alice,11,Wintheiser - Kuhlman
13580,Fanchon,Adamsen,284,Murphy, Stark and Sauer
10335,Alexine,Jenness,911,Friesen - Rolfson
14516,Sabina,Alrich,755,Lynch - Shields
11527,Dennie,Eiser,195,Ward - Brown
18356,Cam,Anestassia,920,Donnelly Inc
11039,Amii,Donoghue,603,Heaney, Heaney and Morissette
16688,Joy,Lorain,745,Heaney, Heaney and Morissette
13883,Starla,Schenck,955,Weber Group
17447,Courtnay,Wind,250,Corwin Inc
10677,Joeann,Syd,711,Walter Inc
15754,Philis,Marisa,406,Beier, Rice and Kling
11642,Meriel,Bennie,518,Donnelly Inc
17162,Ida,Lunsford,495,Heaney, Heaney and Morissette
11123,Clo,Hanleigh,235,Murphy, Stark and Sauer
11226,Jordan,Maribeth,164,Beier, Rice and Kling
18731,Mildrid,O'Neill,567,Wyman Inc
12455,Dode,Gamaliel,386,Beier, Rice and Kling
12704,Joleen,Manolo,464,Ward - Brown
13863,Bee,Santoro,467,Weber Group
11804,Oralee,Lynn,376,Boyle, Hand and Hand
12079,Gaylene,Tomasina,268,Kuhlman - Dickens
11296,Candi,Cloris,279,Wyman Inc
18788,Correy,Schroth,122,Murphy, Stark and Sauer
13584,Lila,Persse,790,Bernhard and Sons
19448,Elie,Justinn,466,Daugherty and Sons
12151,Hildegaard,Tacye,15,Wyman Inc
16346,Heddie,Paine,289,Larkin and Sons
17900,Mathilda,Carolin,349,Murphy, Stark and Sauer
15198,Riannon,Orpah,591,Murphy, Stark and Sauer
18151,Beatriz,Girardo,80,Kuhlman - Dickens
11642,Misha,LaRue,166,Labadie, Kassulke and Corwin
14484,Millie,Baylor,562,Cassin, Howe and Lang
11809,Christian,Ingra,967,Friesen - Rolfson
18983,Stacey,Poll,362,Weber Group
10853,Shel,Zrike,139,Corwin Inc
16405,Lorenza,Charmine,62,Donnelly Inc
10967,Rosabelle,Georgy,487,Larkin and Sons
12589,Rhea,Clara,413,Walter Inc
12195,Rochette,Vittoria,171,Ward - Brown
19006,Glenda,Remmer,772,Ward - Brown
19067,Ninnetta,Ovid,311,Donnelly Inc
13727,Ofilia,Teryn,768,Ward - Brown
15125,Emmey,Ventre,69,Daugherty and Sons
13689,Ninnetta,Ade,120,Beier, Rice and Kling
14086,Alameda,Goddard,144,Wyman Inc
13144,Dorene,Presber,652,Lynch - Shields
16327,Ivett,Schenck,22,Heaney, Heaney and Morissette
10321,Alex,Bennie,792,Weber Group
15272,Gaylene,Kannry,354,Ward - Brown
11527,Consuela,Virgin,780,Cassin - Wehner
13644,Stevana,Emmy,12,Larkin and Sons
19551,Carree,Ax,577,Friesen - Rolfson
19239,Vivia,Kenney,64,Donnelly Inc
10375,Goldie,Pulsifer,192,Murphy, Stark and Sauer
17273,Barbara,Stelle,99,Wintheiser - Kuhlman
18657,Norine,Berard,147,Larkin and Sons
18250,Ann-Marie,Martguerita,1,Donnelly Inc
12013,Xylina,Adalbert,445,Walter Inc
14122,Zondra,Shama,50,Walter Inc
16330,Cacilie,Gillan,257,Donnelly Inc
15931,Lorenza,Cressida,451,Donnelly Inc
10605,Jany,Prouty,588,Beier, Rice and Kling
17588,Iseabal,Warthman,521,Weber Group
17751,Dawn,Honoria,803,Friesen - Rolfson
13603,Renae,Alva,706,Cassin - Wehner
19012,Vivia,Jacinda,607,Wyman Inc
16720,Korrie,Fax,517,Lynch - Shields
12840,Karolina,Ulphia,347,Weber Group
19204,Ingrid,Delila,869,Beier, Rice and Kling
18542,Emmey,Elvyn,548,Ward - Brown
13293,Janeczka,Milde,509,Weber Group
17541,Ida,Anestassia,301,Cassin - Wehner
18455,Mignon,Mata,282,Boyle, Hand and Hand
13160,Florie,Hamil,94,Beier, Rice and Kling
13278,Valeda,Malina,643,Wyman Inc
13638,Cassandra,Chaing,150,Wyman Inc
18932,Leona,Peti,390,Labadie, Kassulke and Corwin
11239,Randa,Blake,468,Weber Group
13109,Fernande,Si,136,Kuhlman - Dickens
12000,Paulita,Love,884,Donnelly Inc
14305,Grier,Elbertina,768,Weber Group
13631,Jany,Belanger,403,Labadie, Kassulke and Corwin
18320,Eugine,Ferino,814,Boyle, Hand and Hand
19315,Dede,Borrell,848,Weber Group
15539,Carmela,Concha,887,Corwin Inc
13762,Viki,Jacobah,621,Corwin Inc
18235,Dianemarie,Dalli,897,Friesen - Rolfson
18748,Daphne,Dalli,43,Cassin, Howe and Lang
12680,Margette,Belanger,956,Donnelly Inc
12421,Marylou,Ardeha,553,Boyle, Hand and Hand
16307,Yetty,Iiette,42,Larkin and Sons
14305,Angelique,Kesley,586,Corwin Inc
12788,Christian,Pelagias,582,Lynch - Shields
17803,Daryl,Brackely,126,Friesen - Rolfson
17443,Carol-Jean,Iphlgenia,749,Donnelly Inc
13747,Kamilah,Daniele,803,Larkin and Sons
14403,Trudie,Mehalek,360,Kuhlman - Dickens
12301,Paulita,Joachim,211,Larkin and Sons
15129,Hyacinthe,Edvard,238,Ward - Brown
13109,Berta,Llovera,477,Walter Inc
10813,Tina,Berl,570,Ward - Brown
16937,Leona,Rese,314,Kuhlman - Dickens
12451,Eugine,Lynn,157,Walter Inc
17720,Kamilah,Ortrude,200,Boyle, Hand and Hand
10430,Joceline,Romelda,499,Wintheiser - Kuhlman
11007,Gertrud,Parsaye,408,Friesen - Rolfson
15906,Ethel,Salvidor,926,Labadie, Kassulke and Corwin
16887,Amalie,Kussell,171,Wyman Inc
19748,Jillayne,Gaal,166,Boyle, Hand and Hand
17035,Kirstin,Judye,761,Bernhard and Sons
16939,Gabi,Levey,99,Walter Inc
19965,Madelle,Leopold,83,Lynch - Shields
14272,Latisha,Posner,236,Donnelly Inc
12987,Dennie,Autrey,590,Weber Group
17499,Orsola,Nahum,908,Heaney, Heaney and Morissette
15689,Tressa,Lunsford,327,Cassin, Howe and Lang
11282,Lulita,Atcliffe,800,Cassin - Wehner
14084,Margalo,Klemperer,785,Lynch - Shields
16841,Ardenia,Mendez,45,Cassin, Howe and Lang
15331,Cecile,Goerke,649,Cassin, Howe and Lang
10644,Alia,Jarib,511,Cassin - Wehner
15824,Tori,Gualtiero,405,Ward - Brown
12445,Di,Garbe,308,Friesen - Rolfson
15354,Deloria,Pillsbury,468,Murphy, Stark and Sauer
19171,Kayla,Alexandr,90,Larkin and Sons
19070,Agathe,Vary,187,Bernhard and Sons
16788,Johna,Jeanne,900,Corwin Inc
17760,Mignon,Kauppi,347,Murphy, Stark and Sauer
15798,Cassandra,Melony,613,Wintheiser - Kuhlman
15419,Constance,Marsden,680,Ward - Brown
15453,Calla,Gino,191,Donnelly Inc
10666,Bernie,Pond,250,Heaney, Heaney and Morissette
17396,Linet,Jenness,871,Kuhlman - Dickens
14235,Wynne,Maurine,28,Walter Inc
14027,Deane,Alfons,248,Heaney, Heaney and Morissette
18825,Brooks,Goode,547,Larkin and Sons
16635,Florie,Cosenza,330,Daugherty and Sons
12021,Arlina,Hermes,673,Boyle, Hand and Hand
14989,Konstance,Wattenberg,102,Wyman Inc
11773,Sissy,Halsey,780,Kuhlman - Dickens
10724,Chere,Bonucci,632,Wintheiser - Kuhlman
13413,Consuela,Ball,984,Wyman Inc
16366,Leontine,Skell,856,Murphy, Stark and Sauer
19612,Caressa,Drus,44,Cassin, Howe and Lang
16205,Wanda,Jillane,696,Boyle, Hand and Hand
18403,Madelle,Croix,26,Kuhlman - Dickens
10473,Gerrie,Alfons,326,Beier, Rice and Kling
18166,Shauna,Velick,659,Corwin Inc
10696,Starla,Lesley,292,Walter Inc
12275,Rebeca,Ajay,40,Boyle, Hand and Hand
11315,Karly,Stelle,635,Weber Group
11513,Paulita,Charity,857,Friesen - Rolfson
15867,Shell,Maroney,977,Friesen - Rolfson
13339,Cherilyn,Vorster,204,Beier, Rice and Kling
13820,Misha,Belanger,192,Lynch - Shields
13362,Melanie,Reinke,205,Labadie, Kassulke and Corwin
15166,Edyth,Alisia,808,Walter Inc
12821,Tracey,Korey,126,Walter Inc
19385,Annabela,Goerke,361,Cassin, Howe and Lang
14948,Kirbee,Nikaniki,901,Friesen - Rolfson
11290,Atlanta,Boehike,624,Cassin, Howe and Lang
17068,Gerianna,Jacobah,825,Lynch - Shields
13482,Dominga,Gaspard,630,Daugherty and Sons
10380,Jan,Arathorn,460,Wyman Inc
18256,Carmela,Bates,112,Cassin - Wehner
19132,Rivalee,Guthrie,619,Corwin Inc
14065,Pierette,Klotz,955,Donnelly Inc
11948,Lindie,Pacorro,239,Weber Group
16590,Evaleen,Ferrell,91,Corwin Inc
18351,Lynde,Dearborn,361,Wintheiser - Kuhlman
17516,Brandise,Prober,270,Lynch - Shields
13402,Nananne,Wolfgram,340,Kuhlman - Dickens
18724,Patricia,Maryanne,829,Cassin, Howe and Lang
12865,Blondelle,Kenney,397,Wyman Inc
12296,Carilyn,Lynn,920,Labadie, Kassulke and Corwin
19383,Kimberley,Bendick,19,Walter Inc
17601,Leanna,Eliathas,781,Lynch - Shields
18837,Sabina,Pascia,226,Boyle, Hand and Hand
14474,Marnia,Stilwell,828,Friesen - Rolfson
12998,Kayla,Brady,234,Larkin and Sons
12461,Constance,McAdams,534,Lynch - Shields
16605,Susan,Schenck,778,Cassin - Wehner
11197,Annecorinne,Michella,504,Ward - Brown
16801,Goldie,Stilwell,887,Cassin - Wehner
11204,Hope,Kevon,774,Corwin Inc
16501,Lisette,Winthorpe,501,Lynch - Shields
19420,Liana,Soneson,538,Friesen - Rolfson
19263,Roseline,Roumell,377,Weber Group
12093,Lanae,Cressida,676,Ward - Brown
15342,Michaelina,McAdams,414,Bernhard and Sons
18078,Emma,Stephie,925,Daugherty and Sons
14622,Molli,Helve,22,Corwin Inc
14926,Molli,Garek,326,Beier, Rice and Kling
19872,Ericka,Rustice,784,Weber Group
11070,Mariann,Fiann,513,Boyle, Hand and Hand
10926,Mignon,Avi,370,Walter Inc
13469,Mamie,Stuart,163,Heaney, Heaney and Morissette
15417,Alia,Manolo,593,Walter Inc
17970,Allyce,Kimmie,603,Bernhard and Sons
19267,Albertina,Dosia,771,Wintheiser - Kuhlman
10029,Gratia,Mallon,62,Donnelly Inc
17221,Randa,Egbert,146,Heaney, Heaney and Morissette
11960,Morganica,Dominy,712,Donnelly Inc
11184,Lily,Devlen,175,Bernhard and Sons
13978,Gerianna,Larochelle,31,Murphy, Stark and Sauer
13379,Isa,Emmy,688,Heaney, Heaney and Morissette
10234,Korrie,Kenney,870,Kuhlman - Dickens
12117,Natka,Halla,900,Heaney, Heaney and Morissette
11432,Brietta,Koziara,31,Larkin and Sons
13298,Felice,Phyllis,786,Heaney, Heaney and Morissette
15001,Betta,Tice,825,Cassin - Wehner
15978,Candi,Wilkinson,939,Wyman Inc
12019,Neila,Hubert,397,Daugherty and Sons
19864,Kenna,Brandice,439,Donnelly Inc
11305,Pierette,Malanie,370,Corwin Inc
13216,Edyth,Imelida,212,Wintheiser - Kuhlman
16209,Mellicent,Palocz,180,Weber Group
13376,Nickie,Fosque,5,Lynch - Shields
16896,Natka,Hebner,317,Labadie, Kassulke and Corwin
10242,Dulce,Hathaway,924,Ward - Brown
18444,Fredericka,Maisey,367,Beier, Rice and Kling
16073,Merrie,Colbert,364,Daugherty and Sons
15613,Gwenneth,Bartlett,469,Weber Group
17386,Tami,Loring,542,Daugherty and Sons
18460,Correy,Boycey,547,Wyman Inc
15402,Yetty,Cosenza,250,Cassin, Howe and Lang
18704,Talya,Lilybelle,793,Bernhard and Sons
18495,Yvonne,Astra,581,Cassin, Howe and Lang
11060,Kalina,Myrilla,754,Wyman Inc
11463,Lily,Gaynor,752,Friesen - Rolfson
13755,Dacia,Crudden,184,Beier, Rice and Kling
16395,Sheree,Capello,920,Labadie, Kassulke and Corwin
10196,Larine,Mintz,991,Beier, Rice and Kling
18307,Donetta,Nea,53,Cassin - Wehner
13691,Dulcinea,Cosenza,819,Donnelly Inc
14235,Basia,Othilia,544,Larkin and Sons
15440,Lorenza,Zuzana,984,Friesen - Rolfson
19399,Tori,Mozelle,444,Heaney, Heaney and Morissette
10589,Giustina,Maisey,876,Ward - Brown
15924,Merle,Knowling,781,Lynch - Shields
10302,Correy,Old,699,Ward - Brown
15032,Morganica,Toor,511,Labadie, Kassulke and Corwin
16100,Tierney,Dichy,568,Corwin Inc
11460,Jacquetta,Destinee,50,Lynch - Shields
16008,Antonietta,Isacco,765,Beier, Rice and Kling
17978,Loree,Arquit,121,Ward - Brown
19237,Marika,Torray,727,Cassin, Howe and Lang
15499,Carilyn,Shaddock,697,Heaney, Heaney and Morissette
19285,Bettine,Tybald,592,Kuhlman - Dickens
16202,Myrtice,Grayce,753,Wyman Inc
13203,Henriette,Olympium,493,Larkin and Sons
14910,Rhoda,Kermit,133,Daugherty and Sons
19989,Calla,Breed,770,Donnelly Inc
19048,Anica,Stevy,532,Labadie, Kassulke and Corwin
18450,Janenna,Pozzy,749,Friesen - Rolfson
11238,Magdalena,Johnsson,857,Walter Inc
14887,Glenda,Sikorski,695,Walter Inc
11665,Diena,Laverne,757,Cassin, Howe and Lang
12433,Shirlee,Hubert,905,Wintheiser - Kuhlman
19373,Theodora,Delp,579,Cassin, Howe and Lang
15892,Eugine,McCutcheon,70,Daugherty and Sons
10333,Janenna,Marden,105,Daugherty and Sons
12355,Tracey,Peonir,579,Labadie, Kassulke and Corwin
17351,Zia,Federica,79,Larkin and Sons
17455,Sarette,Joli,403,Daugherty and Sons
18405,Sibella,Oriana,973,Kuhlman - Dickens
11813,Brena,Buckler,828,Cassin - Wehner
19213,Diena,Raychel,490,Donnelly Inc
15132,Karly,Ashely,57,Corwin Inc
13825,Verla,Buckler,699,Wintheiser - Kuhlman
19728,Antonietta,Eckblad,377,Kuhlman - Dickens
10545,Tera,Chick,492,Cassin - Wehner
10371,Dacia,Palocz,48,Bernhard and Sons
11466,Trudie,Tristram,75,Bernhard and Sons
12367,Marinna,Meli,933,Donnelly Inc
12222,Ronna,Kiersten,807,Larkin and Sons
15639,Shaylyn,Fink,570,Corwin Inc
19138,Christal,Terrence,23,Ward - Brown
10114,Kittie,Erich,259,Wintheiser - Kuhlman
15482,Valli,Estella,444,Boyle, Hand and Hand
13433,Veda,Niles,358,Friesen - Rolfson
11344,Trixi,Dyche,759,Daugherty and Sons
14961,Susan,Lumbard,277,Donnelly Inc
19136,Tressa,Kussell,975,Weber Group
15849,Karly,Gaal,202,Labadie, Kassulke and Corwin
13629,Winny,Anestassia,953,Weber Group
11772,Ardys,Chick,702,Larkin and Sons
13413,Abbie,Lilas,740,Bernhard and Sons
14759,Linet,Kesley,271,Murphy, Stark and Sauer
18933,Krystle,Dielu,335,Heaney, Heaney and Morissette
14401,Gerrie,Standing,791,Cassin, Howe and Lang
15923,Lindie,Kaja,15,Boyle, Hand and Hand
17288,Bernie,Woodberry,346,Heaney, Heaney and Morissette
14568,Thalia,Orelee,810,Friesen - Rolfson
19775,Nariko,Roscoe,245,Labadie, Kassulke and Corwin
19055,Kimmy,Kalinda,654,Cassin - Wehner
17835,Chandra,Hillel,913,Wyman Inc
12709,Gui,Timon,558,Labadie, Kassulke and Corwin
15420,Darlleen,Sikorski,209,Cassin, Howe and Lang
15238,Devina,Chauncey,876,Ward - Brown
12008,Albertina,O'Carroll,227,Bernhard and Sons
10451,Nollie,Meli,318,Bernhard and Sons
11440,Lesly,Kalinda,24,Boyle, Hand and Hand
14157,Peri,Abernon,529,Cassin - Wehner
17560,Meriel,Saunderson,626,Heaney, Heaney and Morissette
13101,Carol-Jean,Nicoline,723,Boyle, Hand and Hand
14095,Kristina,Viddah,379,Wyman Inc
14277,Madelle,Maiah,949,Ward - Brown
16615,Daryl,Pauly,509,Labadie, Kassulke and Corwin
18453,Julieta,Drisko,789,Heaney, Heaney and Morissette
12119,Lauryn,Dash,949,Kuhlman - Dickens
12181,Hallie,Pernick,599,Kuhlman - Dickens
18411,Keelia,Gombach,103,Larkin and Sons
15627,Merry,Tryck,235,Walter Inc
17706,Adore,Mitzi,453,Donnelly Inc
16356,Mamie,Sabella,290,Lynch - Shields
16101,Georgetta,Shanley,379,Wyman Inc
10706,Chere,Kimmie,283,Larkin and Sons
19457,Laure,Hamil,548,Wyman Inc
18243,Babita,Gemini,951,Wyman Inc
15353,Tobe,Leopold,948,Corwin Inc
12182,Darlleen,Clara,203,Labadie, Kassulke and Corwin
19024,Lynde,Mott,702,Heaney, Heaney and Morissette
18639,Jeanna,Harned,637,Lynch - Shields
15749,Yvonne,Seumas,215,Cassin - Wehner
10188,Kenna,Alabaster,318,Boyle, Hand and Hand
14559,Mamie,Bari,962,Friesen - Rolfson
14313,Teddie,Raama,703,Heaney, Heaney and Morissette
19789,Latisha,Byrne,883,Kuhlman - Dickens
18626,Kaia,Engdahl,376,Labadie, Kassulke and Corwin
14809,Libbie,Noelyn,148,Cassin - Wehner
11306,Cissiee,Diogenes,345,Daugherty and Sons
10651,Tobe,Bertold,742,Labadie, Kassulke and Corwin
15404,Jacquetta,Lissi,969,Larkin and Sons
16430,Frances,Hurley,206,Bernhard and Sons
14465,Tonia,Muriel,140,Wyman Inc
14573,Brietta,Elisha,982,Murphy, Stark and Sauer
17206,Hollie,Santoro,274,Wyman Inc
13988,Marylou,Granoff,414,Donnelly Inc
18129,Zia,Mott,975,Friesen - Rolfson
11883,Ruthe,Iaverne,99,Kuhlman - Dickens
17357,Helsa,Ursulette,468,Walter Inc
16060,Hildegaard,Byrne,476,Corwin Inc
15052,Carlie,Lymann,842,Murphy, Stark and Sauer
14243,Aurelie,Rona,378,Friesen - Rolfson
14606,Flo,Socha,644,Cassin - Wehner
12563,Dacia,Kathie,488,Ward - Brown
17246,Darci,Maxi,255,Cassin, Howe and Lang
14004,Clarice,Seagraves,703,Wintheiser - Kuhlman
17955,Audrie,Sothena,540,Bernhard and Sons
15404,Nessie,Granoff,809,Boyle, Hand and Hand
17966,Ernesta,Kravits,660,Cassin - Wehner
16152,Sybille,Lipson,472,Beier, Rice and Kling
19008,Marti,Tound,625,Walter Inc
17141,Lynnea,Honoria,540,Ward - Brown
17358,Shaine,Llovera,868,Bernhard and Sons
10874,Mariann,Flita,976,Corwin Inc
17462,Blake,Bach,689,Murphy, Stark and Sauer
17397,Roz,Marcellus,479,Friesen - Rolfson
13529,Merci,Corrine,541,Kuhlman - Dickens
11471,Roseline,Pond,515,Murphy, Stark and Sauer
19867,Romona,Stevy,847,Corwin Inc
17021,Cathyleen,Bivins,670,Cassin - Wehner
10599,Patricia,Evangelia,563,Weber Group
19897,Myrtice,Cavan,301,Cassin - Wehner
19204,Shandie,Kesley,11,Beier, Rice and Kling
12783,Hayley,Han,936,Larkin and Sons
15034,Kirbee,Wenoa,217,Bernhard and Sons
18542,Emilia,Giff,618,Corwin Inc
10016,Giustina,Felecia,367,Corwin Inc
15479,Tani,Erskine,366,Boyle, Hand and Hand
15523,Sharlene,Kamaria,514,Labadie, Kassulke and Corwin
14355,Max,Sabella,495,Cassin - Wehner
18847,Cathyleen,Arathorn,417,Wyman Inc
13635,Kamilah,Franza,178,Larkin and Sons
18612,Corry,Atcliffe,72,Labadie, Kassulke and Corwin
10461,Frank,Old,97,Walter Inc
15576,Annice,Kendrick,127,Friesen - Rolfson
19195,Neila,Cookie,711,Murphy, Stark and Sauer
18813,Mary,Fadiman,748,Wintheiser - Kuhlman
15885,Merry,McAdams,79,Lynch - Shields
18904,Suzette,Masao,534,Wintheiser - Kuhlman
15069,Jenilee,Sinegold,3,Daugherty and Sons
19394,Jean,Velick,267,Murphy, Stark and Sauer
15721,Petronia,Sekofski,332,Larkin and Sons
11653,Briney,Leffen,311,Beier, Rice and Kling
10240,Rubie,Rebecka,295,Friesen - Rolfson
15734,Tierney,Gillan,997,Boyle, Hand and Hand
17849,Cassandra,Gladstone,778,Daugherty and Sons
11471,Yvonne,Hermes,432,Weber Group
14474,Shauna,Brandice,238,Beier, Rice and Kling
11120,Alleen,Amethist,283,Bernhard and Sons
13457,Gianina,Ledah,832,Lynch - Shields
13450,Gusella,Fabiola,278,Bernhard and Sons
17879,Ernesta,Gillan,392,Corwin Inc
19119,Loree,Mehalek,777,Donnelly Inc
10740,Gaylene,Llovera,433,Wintheiser - Kuhlman
18997,Delilah,Jerald,946,Friesen - Rolfson
19165,Bettine,Chesna,815,Kuhlman - Dickens
11164,Lorenza,Obed,283,Friesen - Rolfson
15074,Lusa,Denis,470,Friesen - Rolfson
10230,Lesly,Timon,41,Larkin and Sons
12570,Penelopa,Hedve,398,Murphy, Stark and Sauer
12721,Xylina,Phyllis,165,Heaney, Heaney and Morissette
12610,Margette,Garlinda,908,Heaney, Heaney and Morissette
10540,Fanny,Knowling,345,Beier, Rice and Kling
15207,Ethel,Paton,995,Boyle, Hand and Hand
16298,Sophia,Orpah,355,Murphy, Stark and Sauer
10583,Millie,Malanie,407,Cassin - Wehner
11567,Ezmeralda,Zaslow,797,Bernhard and Sons
14725,Angelique,Milson,785,Beier, Rice and Kling
14251,Dione,Bluh,685,Heaney, Heaney and Morissette
15085,Kate,Wind,56,Larkin and Sons
15593,Lynde,Martsen,328,Cassin, Howe and Lang
18267,Linet,Flita,988,Larkin and Sons
13567,Aeriela,Goldina,548,Murphy, Stark and Sauer
15384,Korrie,Rona,105,Kuhlman - Dickens
13691,Myrtice,Hathaway,4,Cassin - Wehner
12825,Jinny,Blase,554,Friesen - Rolfson
12174,Elfreda,Grayce,832,Weber Group
14890,Mureil,Ackerley,182,Bernhard and Sons
15107,Carmencita,Flita,141,Friesen - Rolfson
13916,Karina,Grimbly,944,Labadie, Kassulke and Corwin
17274,Ileana,Teddman,332,Kuhlman - Dickens
10260,Joelly,Casimir,222,Corwin Inc
18015,Margarette,Gherardo,843,Labadie, Kassulke and Corwin
16712,Melanie,Seessel,656,Weber Group
12762,Fredericka,Croix,653,Bernhard and Sons
17726,Marnia,Olympium,569,Weber Group
10716,Flory,Breed,507,Walter Inc
13127,Rori,Silvan,139,Ward - Brown
17472,Belva,Cordi,896,Daugherty and Sons
11725,Lanna,Anyah,784,Cassin, Howe and Lang
10864,Maye,Bertold,376,Bernhard and Sons
13105,Sidoney,Harday,66,Wyman Inc
17761,Lorie,Fleeta,317,Labadie, Kassulke and Corwin
15721,Ottilie,Clarissa,721,Daugherty and Sons
12914,Charissa,Eiser,350,Wintheiser - Kuhlman
19385,Dacia,Lipson,373,Larkin and Sons
10563,Shannah,Myrilla,292,Heaney, Heaney and Morissette
13553,Benita,Neils,638,Murphy, Stark and Sauer
18354,Mariele,Fontana,536,Cassin, Howe and Lang
19972,Mildrid,Peg,558,Kuhlman - Dickens
18346,Isa,Hull,685,Larkin and Sons
16615,Inga,Donell,954,Beier, Rice and Kling
18910,Ronna,Maryanne,478,Boyle, Hand and Hand
10404,Carly,Ardra,143,Lynch - Shields
10714,Aurelie,Hoenack,656,Daugherty and Sons
12796,Melina,Valoniah,914,Donnelly Inc
18127,Teriann,Podvin,180,Donnelly Inc
10231,Calla,Nore,424,Kuhlman - Dickens
12194,Cam,Brian,323,Beier, Rice and Kling
19421,Margalo,Amadas,143,Boyle, Hand and Hand
19929,Molli,Ivens,827,Wintheiser - Kuhlman
10547,Christy,Pearse,660,Weber Group
15441,Helena,Rheingold,738,Ward - Brown
18564,Marsiella,Gusella,939,Corwin Inc
15376,Jaclyn,Uund,830,Boyle, Hand and Hand
10902,Giustina,Chapland,675,Corwin Inc
18699,Elvira,Annice,905,Kuhlman - Dickens
16696,Mariele,Capello,583,Kuhlman - Dickens
18593,Sheelagh,Hieronymus,927,Beier, Rice and Kling
15617,Marti,Sherfield,267,Kuhlman - Dickens
10359,Vita,Lorain,549,Ward - Brown
11661,Doro,Avi,149,Larkin and Sons
15667,Gertrud,Eckblad,408,Walter Inc
13553,Rhea,Breed,179,Wyman Inc
15331,Adore,Santoro,248,Friesen - Rolfson
13498,Suzette,Cynar,24,Kuhlman - Dickens
18434,Norine,Land,917,Lynch - Shields
16867,Grier,Hoenack,530,Cassin, Howe and Lang
14835,Stevana,Gaspard,589,Corwin Inc
14786,Xylina,Eldrid,234,Cassin, Howe and Lang
13668,Codie,Bigner,879,Friesen - Rolfson
19863,Zaria,Demitria,131,Beier, Rice and Kling
15167,Aubrie,Pond,749,Heaney, Heaney and Morissette
11313,Rhea,Ursulette,635,Daugherty and Sons
18766,Lelah,Arvo,32,Wintheiser - Kuhlman
19303,Rochette,Jethro,848,Weber Group
10087,Elmira,Maples,478,Donnelly Inc
16165,Farrah,Amand,620,Beier, Rice and Kling
18476,Amii,Maribeth,463,Beier, Rice and Kling
12058,Charlena,Philoo,570,Lynch - Shields
10401,Jaclyn,Thornburg,543,Friesen - Rolfson
17991,Tami,Cynar,740,Walter Inc
15372,Gisela,Ralfston,327,Heaney, Heaney and Morissette
13309,Kassey,Vacuva,319,Beier, Rice and Kling
19304,Margette,Durware,4,Weber Group
19043,Rori,Modie,122,Murphy, Stark and Sauer
13528,Sindee,Garlinda,524,Cassin, Howe and Lang
12726,Paule,Chaing,57,Larkin and Sons
15365,Fina,Raimondo,270,Friesen - Rolfson
11992,Angela,Corrine,161,Donnelly Inc
12373,Meriel,Trace,737,Lynch - Shields
16104,Vinita,Fosque,695,Murphy, Stark and Sauer
12077,Susette,Wadell,743,Labadie, Kassulke and Corwin
14876,Lyssa,Teryn,524,Corwin Inc
19418,Melisent,Allys,332,Walter Inc
10796,Karolina,Joachim,111,Bernhard and Sons
12407,Angelique,Agle,878,Donnelly Inc
17840,Mady,Olnee,938,Cassin - Wehner
15429,June,Liebermann,94,Labadie, Kassulke and Corwin
17896,Claudina,Warthman,30,Wintheiser - Kuhlman
10045,Barbi,Sadowski,408,Walter Inc
14979,Ayn,Simmonds,331,Friesen - Rolfson
16346,Fawne,Crudden,295,Heaney, Heaney and Morissette
16758,Donnie,Valoniah,356,Bernhard and Sons
16168,Beth,Blisse,187,Cassin - Wehner
16199,Nonnah,Raffo,156,Walter Inc
19977,Kayla,Wilona,167,Wyman Inc
12930,Dode,Ricki,848,Daugherty and Sons
16544,Carmencita,Hedve,347,Heaney, Heaney and Morissette
14739,Lily,Bertold,590,Lynch - Shields
15122,Keelia,Urania,675,Wyman Inc
12237,Dotty,Jotham,932,Corwin Inc
14759,Frances,Juliet,25,Weber Group
10027,Roslyn,Katrine,634,Donnelly Inc
12119,Susan,Erminia,170,Larkin and Sons
15260,Jsandye,Pip,806,Lynch - Shields
10760,Renie,Belldas,201,Heaney, Heaney and Morissette
11513,Gilligan,Stav,185,Ward - Brown
12878,Collen,Arley,864,Beier, Rice and Kling
15354,Phylis,Daniele,97,Bernhard and Sons
16523,Hope,Ephrem,133,Daugherty and Sons
11722,Ezmeralda,Silvan,562,Labadie, Kassulke and Corwin
11104,Amelia,Sammons,664,Boyle, Hand and Hand
11115,Sam,Frodi,629,Murphy, Stark and Sauer
13457,Misha,Dorcy,78,Daugherty and Sons
10632,Aeriela,Abram,155,Weber Group
19852,Gwyneth,Alabaster,749,Cassin, Howe and Lang
12877,Caritta,Dawkins,199,Boyle, Hand and Hand
15356,Cordi,Garek,495,Larkin and Sons
19058,Moyna,Burkle,673,Ward - Brown